{
 "11_True_0_1": {
  "dist": [
   0.7693912175648702,
   0.10465069860279447,
   0.07909181636726544,
   0.013073852295409116,
   0.03379241516966061,
   0.0
  ],
  "count": 501,
  "terrain": 11,
  "coastal": true,
  "settle_bin": 0,
  "forest_bin": 1
 },
 "4_True_0_1": {
  "dist": [
   0.0782627118644068,
   0.11258474576271185,
   0.07512711864406779,
   0.014025423728813543,
   0.7199999999999998,
   0.0
  ],
  "count": 118,
  "terrain": 4,
  "coastal": true,
  "settle_bin": 0,
  "forest_bin": 1
 },
 "11_True_0_2": {
  "dist": [
   0.7664285714285713,
   0.11089285714285711,
   0.07553571428571429,
   0.01285714285714286,
   0.03428571428571429,
   0.0
  ],
  "count": 84,
  "terrain": 11,
  "coastal": true,
  "settle_bin": 0,
  "forest_bin": 2
 },
 "4_True_0_2": {
  "dist": [
   0.06620000000000001,
   0.12180000000000002,
   0.0796,
   0.013600000000000006,
   0.7188000000000001,
   0.0
  ],
  "count": 25,
  "terrain": 4,
  "coastal": true,
  "settle_bin": 0,
  "forest_bin": 2
 },
 "4_True_0_0": {
  "dist": [
   0.0804225352112676,
   0.10133802816901408,
   0.0756338028169014,
   0.012957746478873248,
   0.7296478873239438,
   0.0
  ],
  "count": 71,
  "terrain": 4,
  "coastal": true,
  "settle_bin": 0,
  "forest_bin": 0
 },
 "11_True_0_0": {
  "dist": [
   0.7837441860465115,
   0.09676744186046513,
   0.07290697674418604,
   0.012976744186046487,
   0.03360465116279069,
   0.0
  ],
  "count": 215,
  "terrain": 11,
  "coastal": true,
  "settle_bin": 0,
  "forest_bin": 0
 },
 "11_False_0_2": {
  "dist": [
   0.724221954161641,
   0.20672496984318475,
   0.0,
   0.0198552472858866,
   0.04919782870928833,
   0.0
  ],
  "count": 829,
  "terrain": 11,
  "coastal": false,
  "settle_bin": 0,
  "forest_bin": 2
 },
 "4_False_0_2": {
  "dist": [
   0.1052552552552553,
   0.20162162162162175,
   0.0,
   0.019924924924924873,
   0.6731981981981983,
   0.0
  ],
  "count": 333,
  "terrain": 4,
  "coastal": false,
  "settle_bin": 0,
  "forest_bin": 2
 },
 "4_False_0_1": {
  "dist": [
   0.11280418250950579,
   0.2013307984790877,
   0.0,
   0.01851711026615965,
   0.6673479087452481,
   0.0
  ],
  "count": 526,
  "terrain": 4,
  "coastal": false,
  "settle_bin": 0,
  "forest_bin": 1
 },
 "11_False_0_1": {
  "dist": [
   0.7295232419547077,
   0.19963647199046491,
   0.0,
   0.020151966626936888,
   0.050688319427890344,
   0.0
  ],
  "count": 1678,
  "terrain": 11,
  "coastal": false,
  "settle_bin": 0,
  "forest_bin": 1
 },
 "4_False_1_1": {
  "dist": [
   0.12452272727272741,
   0.24118181818181816,
   0.0,
   0.02045454545454542,
   0.6138409090909089,
   0.0
  ],
  "count": 220,
  "terrain": 4,
  "coastal": false,
  "settle_bin": 1,
  "forest_bin": 1
 },
 "11_False_1_1": {
  "dist": [
   0.7001353276353273,
   0.2253347578347577,
   0.0,
   0.020313390313390297,
   0.05421652421652424,
   0.0
  ],
  "count": 702,
  "terrain": 11,
  "coastal": false,
  "settle_bin": 1,
  "forest_bin": 1
 },
 "4_False_0_0": {
  "dist": [
   0.12321052631578942,
   0.19799999999999995,
   0.0,
   0.01999999999999998,
   0.6587894736842104,
   0.0
  ],
  "count": 95,
  "terrain": 4,
  "coastal": false,
  "settle_bin": 0,
  "forest_bin": 0
 },
 "11_False_0_0": {
  "dist": [
   0.7328503184713377,
   0.19664012738853506,
   0.0,
   0.01901273885350316,
   0.05149681528662415,
   0.0
  ],
  "count": 314,
  "terrain": 11,
  "coastal": false,
  "settle_bin": 0,
  "forest_bin": 0
 },
 "11_False_1_2": {
  "dist": [
   0.6938211382113819,
   0.23284552845528467,
   0.0,
   0.020670731707317033,
   0.05266260162601624,
   0.0
  ],
  "count": 246,
  "terrain": 11,
  "coastal": false,
  "settle_bin": 1,
  "forest_bin": 2
 },
 "1_False_0_2": {
  "dist": [
   0.36881578947368426,
   0.43302631578947365,
   0.0,
   0.03414473684210525,
   0.1640131578947369,
   0.0
  ],
  "count": 76,
  "terrain": 1,
  "coastal": false,
  "settle_bin": 0,
  "forest_bin": 2
 },
 "4_True_1_1": {
  "dist": [
   0.09083333333333334,
   0.17354166666666668,
   0.12041666666666667,
   0.013958333333333335,
   0.60125,
   0.0
  ],
  "count": 24,
  "terrain": 4,
  "coastal": true,
  "settle_bin": 1,
  "forest_bin": 1
 },
 "4_False_1_2": {
  "dist": [
   0.12239999999999998,
   0.2275,
   0.0,
   0.02014999999999999,
   0.62995,
   0.0
  ],
  "count": 100,
  "terrain": 4,
  "coastal": false,
  "settle_bin": 1,
  "forest_bin": 2
 },
 "4_False_1_0": {
  "dist": [
   0.12516129032258064,
   0.22604838709677424,
   0.0,
   0.01983870967741936,
   0.6289516129032258,
   0.0
  ],
  "count": 62,
  "terrain": 4,
  "coastal": false,
  "settle_bin": 1,
  "forest_bin": 0
 },
 "11_False_1_0": {
  "dist": [
   0.7058333333333332,
   0.22113095238095243,
   0.0,
   0.01940476190476188,
   0.053630952380952376,
   0.0
  ],
  "count": 168,
  "terrain": 11,
  "coastal": false,
  "settle_bin": 1,
  "forest_bin": 0
 },
 "1_False_0_1": {
  "dist": [
   0.3833185840707964,
   0.4155752212389381,
   0.0,
   0.03376106194690264,
   0.1673451327433628,
   0.0
  ],
  "count": 113,
  "terrain": 1,
  "coastal": false,
  "settle_bin": 0,
  "forest_bin": 1
 },
 "11_True_1_1": {
  "dist": [
   0.7052906976744185,
   0.1383720930232558,
   0.09831395348837209,
   0.01610465116279069,
   0.04191860465116279,
   0.0
  ],
  "count": 86,
  "terrain": 11,
  "coastal": true,
  "settle_bin": 1,
  "forest_bin": 1
 },
 "4_False_2_1": {
  "dist": [
   0.13366666666666666,
   0.2276666666666667,
   0.0,
   0.02233333333333333,
   0.6163333333333333,
   0.0
  ],
  "count": 15,
  "terrain": 4,
  "coastal": false,
  "settle_bin": 2,
  "forest_bin": 1
 },
 "11_False_2_2": {
  "dist": [
   0.67125,
   0.228125,
   0.0,
   0.0275,
   0.07312500000000001,
   0.0
  ],
  "count": 8,
  "terrain": 11,
  "coastal": false,
  "settle_bin": 2,
  "forest_bin": 2
 },
 "4_False_2_0": {
  "dist": [
   0.0925,
   0.25125,
   0.0,
   0.01625,
   0.64,
   0.0
  ],
  "count": 4,
  "terrain": 4,
  "coastal": false,
  "settle_bin": 2,
  "forest_bin": 0
 },
 "11_False_2_1": {
  "dist": [
   0.6809722222222223,
   0.2404166666666666,
   0.0,
   0.021944444444444454,
   0.05666666666666668,
   0.0
  ],
  "count": 36,
  "terrain": 11,
  "coastal": false,
  "settle_bin": 2,
  "forest_bin": 1
 },
 "11_False_2_0": {
  "dist": [
   0.685,
   0.24499999999999997,
   0.0,
   0.021666666666666667,
   0.04833333333333334,
   0.0
  ],
  "count": 9,
  "terrain": 11,
  "coastal": false,
  "settle_bin": 2,
  "forest_bin": 0
 },
 "1_False_0_0": {
  "dist": [
   0.40884615384615397,
   0.37903846153846155,
   0.0,
   0.037692307692307706,
   0.17442307692307693,
   0.0
  ],
  "count": 26,
  "terrain": 1,
  "coastal": false,
  "settle_bin": 0,
  "forest_bin": 0
 },
 "11_True_1_0": {
  "dist": [
   0.6813953488372095,
   0.1384883720930233,
   0.11290697674418608,
   0.018837209302325592,
   0.048372093023255805,
   0.0
  ],
  "count": 43,
  "terrain": 11,
  "coastal": true,
  "settle_bin": 1,
  "forest_bin": 0
 },
 "4_True_1_0": {
  "dist": [
   0.08230769230769232,
   0.11961538461538461,
   0.09807692307692309,
   0.016153846153846154,
   0.6838461538461539,
   0.0
  ],
  "count": 13,
  "terrain": 4,
  "coastal": true,
  "settle_bin": 1,
  "forest_bin": 0
 },
 "2_True_0_0": {
  "dist": [
   0.37999999999999995,
   0.15,
   0.27,
   0.04,
   0.16,
   0.0
  ],
  "count": 3,
  "terrain": 2,
  "coastal": true,
  "settle_bin": 0,
  "forest_bin": 0
 },
 "11_True_1_2": {
  "dist": [
   0.6731818181818181,
   0.21045454545454545,
   0.056363636363636366,
   0.01681818181818182,
   0.04318181818181819,
   0.0
  ],
  "count": 11,
  "terrain": 11,
  "coastal": true,
  "settle_bin": 1,
  "forest_bin": 2
 },
 "1_True_0_1": {
  "dist": [
   0.426875,
   0.30374999999999996,
   0.0625,
   0.023125000000000003,
   0.18375,
   0.0
  ],
  "count": 8,
  "terrain": 1,
  "coastal": true,
  "settle_bin": 0,
  "forest_bin": 1
 },
 "2_True_0_1": {
  "dist": [
   0.385625,
   0.110625,
   0.29437500000000005,
   0.0325,
   0.176875,
   0.0
  ],
  "count": 8,
  "terrain": 2,
  "coastal": true,
  "settle_bin": 0,