{
 "11_True_0_1": {
  "dist": [
   0.9995841584158418,
   0.0001188118811881188,
   2.9702970297029702e-05,
   4.950495049504951e-05,
   0.00021782178217821785,
   0.0
  ],
  "count": 505,
  "terrain": 11,
  "coastal": true,
  "settle_bin": 0,
  "forest_bin": 1
 },
 "4_True_0_1": {
  "dist": [
   0.00047337278106508875,
   8.875739644970414e-05,
   8.875739644970414e-05,
   0.0,
   0.9993491124260356,
   0.0
  ],
  "count": 169,
  "terrain": 4,
  "coastal": true,
  "settle_bin": 0,
  "forest_bin": 1
 },
 "11_True_0_2": {
  "dist": [
   1.0,
   0.0,
   0.0,
   0.0,
   0.0,
   0.0
  ],
  "count": 101,
  "terrain": 11,
  "coastal": true,
  "settle_bin": 0,
  "forest_bin": 2
 },
 "4_True_1_1": {
  "dist": [
   0.122037037037037,
   0.0037037037037037043,
   0.0018518518518518517,
   0.002037037037037037,
   0.8703703703703701,
   0.0
  ],
  "count": 27,
  "terrain": 4,
  "coastal": true,
  "settle_bin": 1,
  "forest_bin": 1
 },
 "11_True_1_1": {
  "dist": [
   0.9527528089887639,
   0.0037078651685393265,
   0.0011797752808988767,
   0.0011235955056179776,
   0.04123595505617977,
   0.0
  ],
  "count": 89,
  "terrain": 11,
  "coastal": true,
  "settle_bin": 1,
  "forest_bin": 1
 },
 "11_True_0_0": {
  "dist": [
   0.9997790055248619,
   8.287292817679558e-05,
   2.7624309392265193e-05,
   5.524861878453039e-05,
   5.524861878453039e-05,
   0.0
  ],
  "count": 181,
  "terrain": 11,
  "coastal": true,
  "settle_bin": 0,
  "forest_bin": 0
 },
 "4_False_0_0": {
  "dist": [
   0.0013636363636363637,
   0.000505050505050505,
   0.0,
   0.00015151515151515152,
   0.9979797979797979,
   0.0
  ],
  "count": 99,
  "terrain": 4,
  "coastal": false,
  "settle_bin": 0,
  "forest_bin": 0
 },
 "11_False_0_1": {
  "dist": [
   0.9992951807228896,
   0.00029216867469879535,
   0.0,
   0.0001024096385542169,
   0.0003102409638554219,
   0.0
  ],
  "count": 1660,
  "terrain": 11,
  "coastal": false,
  "settle_bin": 0,
  "forest_bin": 1
 },
 "11_False_0_2": {
  "dist": [
   0.9989289446186006,
   0.0005276907001044935,
   0.0,
   0.00011494252873563222,
   0.00042842215256008384,
   0.0
  ],
  "count": 957,
  "terrain": 11,
  "coastal": false,
  "settle_bin": 0,
  "forest_bin": 2
 },
 "4_False_0_2": {
  "dist": [
   0.0014630681818181826,
   0.0006107954545454548,
   0.0,
   0.00024147727272727274,
   0.9976846590909099,
   0.0
  ],
  "count": 352,
  "terrain": 4,
  "coastal": false,
  "settle_bin": 0,
  "forest_bin": 2
 },
 "11_False_1_2": {
  "dist": [
   0.9429961089494172,
   0.011167315175097243,
   0.0,
   0.002062256809338523,
   0.04377431906614788,
   0.0
  ],
  "count": 257,
  "terrain": 11,
  "coastal": false,
  "settle_bin": 1,
  "forest_bin": 2
 },
 "1_False_0_2": {
  "dist": [
   0.680681818181818,
   0.024924242424242415,
   0.0,
   0.005303030303030305,
   0.2890909090909091,
   0.0
  ],
  "count": 66,
  "terrain": 1,
  "coastal": false,
  "settle_bin": 0,
  "forest_bin": 2
 },
 "4_False_0_1": {
  "dist": [
   0.0012738301559792036,
   0.00045060658578856163,
   0.0,
   0.00015597920277296364,
   0.99811958405546,
   0.0
  ],
  "count": 577,
  "terrain": 4,
  "coastal": false,
  "settle_bin": 0,
  "forest_bin": 1
 },
 "11_False_0_0": {
  "dist": [
   0.9992857142857146,
   0.0002325581395348837,
   0.0,
   9.966777408637874e-05,
   0.0003820598006644519,
   0.0
  ],
  "count": 301,
  "terrain": 11,
  "coastal": false,
  "settle_bin": 0,
  "forest_bin": 0
 },
 "4_True_0_0": {
  "dist": [
   0.0004098360655737705,
   0.0,
   0.0,
   8.19672131147541e-05,
   0.9995081967213114,
   0.0
  ],
  "count": 61,
  "terrain": 4,
  "coastal": true,
  "settle_bin": 0,
  "forest_bin": 0
 },
 "4_False_1_2": {
  "dist": [
   0.08608247422680414,
   0.012216494845360826,
   0.0,
   0.0020618556701030937,
   0.8996391752577315,
   0.0
  ],
  "count": 97,
  "terrain": 4,
  "coastal": false,
  "settle_bin": 1,
  "forest_bin": 2
 },
 "11_False_1_1": {
  "dist": [
   0.9522017543859677,
   0.007578947368421006,
   0.0,
   0.0014473684210526327,
   0.03877192982456144,
   0.0
  ],
  "count": 570,
  "terrain": 11,
  "coastal": false,
  "settle_bin": 1,
  "forest_bin": 1
 },
 "4_False_1_1": {
  "dist": [
   0.10956410256410255,
   0.009461538461538443,
   0.0,
   0.0023589743589743604,
   0.8786153846153851,
   0.0
  ],
  "count": 195,
  "terrain": 4,
  "coastal": false,
  "settle_bin": 1,
  "forest_bin": 1
 },
 "4_True_0_2": {
  "dist": [
   0.0005882352941176471,
   0.0,
   0.0,
   0.0,
   0.9994117647058824,
   0.0
  ],
  "count": 34,
  "terrain": 4,
  "coastal": true,
  "settle_bin": 0,
  "forest_bin": 2
 },
 "1_True_0_1": {
  "dist": [
   0.6822222222222222,
   0.005555555555555555,
   0.0016666666666666666,
   0.0022222222222222222,
   0.30833333333333335,
   0.0
  ],
  "count": 9,
  "terrain": 1,
  "coastal": true,
  "settle_bin": 0,
  "forest_bin": 1
 },
 "4_True_1_0": {
  "dist": [
   0.10857142857142858,
   0.004285714285714286,
   0.002142857142857143,
   0.002142857142857143,
   0.8828571428571428,
   0.0
  ],
  "count": 7,
  "terrain": 4,
  "coastal": true,
  "settle_bin": 1,
  "forest_bin": 0
 },
 "11_True_2_1": {
  "dist": [
   0.932,
   0.011000000000000001,
   0.001,
   0.001,
   0.05500000000000001,
   0.0
  ],
  "count": 5,
  "terrain": 11,
  "coastal": true,
  "settle_bin": 2,
  "forest_bin": 1
 },
 "1_False_0_1": {
  "dist": [
   0.6807407407407405,
   0.016666666666666656,
   0.0,
   0.003287037037037039,
   0.2993055555555555,
   0.0
  ],
  "count": 108,
  "terrain": 1,
  "coastal": false,
  "settle_bin": 0,
  "forest_bin": 1
 },
 "4_True_1_2": {
  "dist": [
   0.08214285714285716,
   0.0014285714285714286,
   0.002857142857142857,
   0.002857142857142857,
   0.9107142857142857,
   0.0
  ],
  "count": 7,
  "terrain": 4,
  "coastal": true,
  "settle_bin": 1,
  "forest_bin": 2
 },
 "2_True_0_1": {
  "dist": [
   0.6958333333333334,
   0.0033333333333333335,
   0.010833333333333334,
   0.0016666666666666668,
   0.2883333333333333,
   0.0
  ],
  "count": 6,
  "terrain": 2,
  "coastal": true,
  "settle_bin": 0,
  "forest_bin": 1
 },
 "11_False_2_1": {
  "dist": [
   0.9223684210526313,
   0.013684210526315794,
   0.0,
   0.0027631578947368432,
   0.06118421052631577,
   0.0
  ],
  "count": 38,
  "terrain": 11,
  "coastal": false,
  "settle_bin": 2,
  "forest_bin": 1
 },
 "4_False_1_0": {
  "dist": [
   0.0942045454545454,
   0.0068181818181818205,
   0.0,
   0.0015909090909090907,
   0.8973863636363635,
   0.0
  ],
  "count": 44,
  "terrain": 4,
  "coastal": false,
  "settle_bin": 1,
  "forest_bin": 0
 },
 "11_False_1_0": {
  "dist": [
   0.9471774193548389,
   0.005887096774193552,
   0.0,
   0.0013709677419354842,
   0.04556451612903226,
   0.0
  ],
  "count": 124,
  "terrain": 11,
  "coastal": false,
  "settle_bin": 1,
  "forest_bin": 0
 },
 "11_False_2_0": {
  "dist": [
   0.916,
   0.010000000000000002,
   0.0,
   0.004333333333333333,
   0.06966666666666667,
   0.0
  ],
  "count": 15,
  "terrain": 11,
  "coastal": false,
  "settle_bin": 2,
  "forest_bin": 0
 },
 "11_True_1_2": {
  "dist": [
   0.9354166666666667,
   0.0075,
   0.0,
   0.0004166666666666667,
   0.05666666666666668,
   0.0
  ],
  "count": 12,
  "terrain": 11,
  "coastal": true,
  "settle_bin": 1,
  "forest_bin": 2
 },
 "1_False_0_0": {
  "dist": [
   0.6810000000000002,
   0.014250000000000004,
   0.0,
   0.0034999999999999996,
   0.3012500000000001,
   0.0
  ],
  "count": 20,
  "terrain": 1,
  "coastal": false,
  "settle_bin": 0,
  "forest_bin": 0
 },
 "4_False_2_1": {
  "dist": [
   0.14846153846153842,
   0.016538461538461537,
   0.0,
   0.003846153846153846,
   0.831153846153846,
   0.0
  ],
  "count": 13,
  "terrain": 4,
  "coastal": false,
  "settle_bin": 2,
  "forest_bin": 1
 },
 "4_True_2_1": {
  "dist": [
   0.1225,
   0.02,
   0.015,
   0.005,
   0.8374999999999999,
   0.0
  ],
  "count": 2,
  "terrain": 4,
  "coastal": true,
  "settle_bin": 2,
  "forest_bin": 1
 },
 "2_True_0_2": {
  "dist": [
   0.665,
   0.02,
   0.01,
   0.01,
   0.295,
   0.0
  ],
  "count": 1,
  "terrain": 2,